Version;Num of thread;Elapsed Time (s);Speedup;Efficency
Serial;1;1.767902;1.000000;100.000000%
OpenMP_v1;1;8.530179;0.207253;20.725263%
OpenMP_v1;2;16.315518;0.108357;5.417854%
OpenMP_v1;4;22.142043;0.079844;1.996092%
OpenMP_v1;8;35.792776;0.049393;0.617409%
OpenMP_v2;1;1.897267;0.931815;93.181524%
OpenMP_v2;2;1.737070;1.017749;50.887468%
OpenMP_v2;4;1.630473;1.084288;27.107202%
OpenMP_v2;8;1.612608;1.096300;13.703751%
