Version;Num of thread;Elapsed Time (s);Speedup;Efficency
Serial;1;1.767902;1.000000;100.000000%
OpenMP_v1;1;8.530179;0.207253;20.725263%
OpenMP_v1;2;16.315518;0.108357;5.417854%
OpenMP_v1;4;22.142043;0.079844;1.996092%
OpenMP_v1;8;35.792776;0.049393;0.617409%
