Version;Num of thread;Elapsed Time (s);Speedup;Efficency
Serial;1;1.627852;1.000000;100.000000%
OpenMP_v1;1;7.245443;0.224673;22.467253%
OpenMP_v1;2;13.176925;0.123538;6.176904%
OpenMP_v1;4;19.024841;0.085565;2.139114%
OpenMP_v1;8;31.329346;0.051959;0.649492%
OpenMP_v2;1;1.522499;1.069198;106.919773%
OpenMP_v2;2;1.381140;1.178630;58.931478%
OpenMP_v2;4;1.333377;1.220849;30.521234%
OpenMP_v2;8;1.334675;1.219662;15.245772%
