Version;Num of thread;Elapsed Time (s);Speedup;Efficency
Serial;1;2.693640;1.000000;100.000000%
OpenMP_v1;1;8.085211;0.333156;33.315642%
OpenMP_v1;2;14.384045;0.187266;9.363291%
OpenMP_v1;4;19.331893;0.139337;3.483415%
OpenMP_v1;8;33.486347;0.080440;1.005499%
OpenMP_v2;1;2.553391;1.054926;105.492650%
OpenMP_v2;2;2.362053;1.140381;57.019042%
OpenMP_v2;4;2.289296;1.176624;29.415597%
OpenMP_v2;8;2.255574;1.194215;14.927686%
