Version;Num of thread;Elapsed Time (s);Speedup;Efficency
Serial;1;1.692344;1.000000;100.000000%
OpenMP_v1;1;8.022195;0.210958;21.095771%
OpenMP_v1;2;13.409063;0.126209;6.310448%
OpenMP_v1;4;18.632906;0.090826;2.270639%
OpenMP_v1;8;34.247574;0.049415;0.617688%
OpenMP_v2;1;1.540304;1.098708;109.870778%
OpenMP_v2;2;1.376908;1.229090;61.454505%
OpenMP_v2;4;1.299393;1.302411;32.560271%
OpenMP_v2;8;1.272660;1.329769;16.622109%
