Version;Num of thread;Elapsed Time (s);Speedup;Efficency
Serial;1;1.903836;1.000000;100.000000%
OpenMP_v1;1;8.301823;0.229327;22.932746%
OpenMP_v1;2;15.513702;0.122720;6.135982%
OpenMP_v1;4;21.014260;0.090597;2.264933%
OpenMP_v1;8;36.800298;0.051734;0.646678%
OpenMP_v2;1;1.885920;1.009500;100.949982%
OpenMP_v2;2;1.693572;1.124154;56.207704%
OpenMP_v2;4;1.600558;1.189483;29.737065%
OpenMP_v2;8;1.600640;1.189422;14.867775%
