Version;Num of thread;Elapsed Time (s);Speedup;Efficency
Serial;1;3.056168;1.000000;100.000000%
OpenMP_v1;1;9.022094;0.338743;33.874264%
OpenMP_v1;2;15.278146;0.200035;10.001763%
OpenMP_v1;4;22.159541;0.137917;3.447914%
OpenMP_v1;8;37.024100;0.082545;1.031817%
