Version;Num of thread;Elapsed Time (s);Speedup;Efficency
Serial;1;1.558327;1.000000;100.000000%
OpenMP_v1;1;6.917893;0.225260;22.526036%
OpenMP_v1;2;13.946785;0.111734;5.586689%
OpenMP_v1;4;18.180822;0.085713;2.142817%
OpenMP_v1;8;32.710755;0.047640;0.595495%
OpenMP_v2;1;1.528097;1.019782;101.978248%
OpenMP_v2;2;1.414906;1.101364;55.068204%
OpenMP_v2;4;1.326445;1.174814;29.370358%
OpenMP_v2;8;1.301078;1.197719;14.971493%
