Version;Num of thread;Elapsed Time (s);Speedup;Efficency
Serial;1;1.852297;1.000000;100.000000%
OpenMP_v1;1;8.222650;0.225268;22.526763%
OpenMP_v1;2;16.412206;0.112861;5.643047%
OpenMP_v1;4;21.761150;0.085119;2.127986%
OpenMP_v1;8;35.898592;0.051598;0.644976%
OpenMP_v2;1;1.973064;0.938792;93.879215%
OpenMP_v2;2;1.744351;1.061883;53.094170%
OpenMP_v2;4;1.634276;1.133405;28.335124%
OpenMP_v2;8;1.624148;1.140473;14.255915%
