Version;Num of thread;Elapsed Time (s);Speedup;Efficency
Serial;1;1.852297;1.000000;100.000000%
OpenMP_v1;1;8.222650;0.225268;22.526763%
OpenMP_v1;2;16.412206;0.112861;5.643047%
OpenMP_v1;4;21.761150;0.085119;2.127986%
OpenMP_v1;8;35.898592;0.051598;0.644976%
