Version;Num of thread;Elapsed Time (s);Speedup;Efficency
Serial;1;4.293777;1.000000;100.000000%
OpenMP_v1;1;16.254303;0.264162;26.416248%
OpenMP_v1;2;27.879950;0.154009;7.700475%
OpenMP_v1;4;40.701138;0.105495;2.637381%
OpenMP_v1;8;68.252402;0.062910;0.786378%
OpenMP_v2;1;4.027094;1.066222;106.622226%
OpenMP_v2;2;3.548646;1.209976;60.498805%
OpenMP_v2;4;3.476301;1.235157;30.878917%
OpenMP_v2;8;3.379401;1.270573;15.882167%
