Version;Num of thread;Elapsed Time (s);Speedup;Efficency
Serial;1;6.629533;1.000000;100.000000%
OpenMP_v1;1;18.846805;0.351759;35.175899%
OpenMP_v1;2;29.038541;0.228301;11.415059%
OpenMP_v1;4;43.086070;0.153867;3.846680%
OpenMP_v1;8;118.139366;0.056116;0.701453%
OpenMP_v2;1;6.298886;1.052493;105.249286%
OpenMP_v2;2;5.854021;1.132475;56.623760%
OpenMP_v2;4;5.700830;1.162907;29.072664%
OpenMP_v2;8;5.678004;1.167582;14.594769%
