Version;Num of thread;Elapsed Time (s);Speedup;Efficency
Serial;1;6.629533;1.000000;100.000000%
OpenMP_v1;1;19.508703;0.339824;33.982438%
OpenMP_v1;2;32.705944;0.202701;10.135058%
OpenMP_v1;4;43.135872;0.153690;3.842239%
OpenMP_v1;8;71.654611;0.092521;1.156508%
