Version;Num of thread;Elapsed Time (s);Speedup;Efficency
Serial;1;4.228612;1.000000;100.000000%
OpenMP_v1;1;16.883940;0.250452;25.045173%
OpenMP_v1;2;27.614032;0.153133;7.656636%
OpenMP_v1;4;41.834341;0.101080;2.526998%
OpenMP_v1;8;69.163835;0.061139;0.764238%
