Version;Num of thread;Elapsed Time (s);Speedup;Efficency
Serial;1;6.629533;1.000000;100.000000%
OpenMP_v1;1;19.508703;0.339824;33.982438%
OpenMP_v1;2;32.705944;0.202701;10.135058%
OpenMP_v1;4;43.135872;0.153690;3.842239%
OpenMP_v1;8;71.654611;0.092521;1.156508%
OpenMP_v2;1;6.642794;0.998004;99.800372%
OpenMP_v2;2;6.208266;1.067856;53.392795%
OpenMP_v2;4;5.924100;1.119079;27.976965%
OpenMP_v2;8;6.031654;1.099124;13.739045%
