Version;Num of thread;Elapsed Time (s);Speedup;Efficency
Serial;1;4.051424;1.000000;100.000000%
OpenMP_v1;1;16.951379;0.239003;23.900262%
OpenMP_v1;2;29.596672;0.136888;6.844391%
OpenMP_v1;4;41.845187;0.096819;2.420484%
OpenMP_v1;8;68.641063;0.059023;0.737792%
OpenMP_v2;1;4.213924;0.961437;96.143741%
OpenMP_v2;2;3.849010;1.052589;52.629427%
OpenMP_v2;4;3.733349;1.085198;27.129957%
OpenMP_v2;8;3.680504;1.100780;13.759747%
