Version;Num of thread;Elapsed Time (s);Speedup;Efficency
Serial;1;4.293777;1.000000;100.000000%
OpenMP_v1;1;17.574252;0.244322;24.432203%
OpenMP_v1;2;29.975575;0.143243;7.162126%
OpenMP_v1;4;42.296624;0.101516;2.537896%
OpenMP_v1;8;68.986682;0.062241;0.778008%
