Version;Num of thread;Elapsed Time (s);Speedup;Efficency
Serial;1;3.522332;1.000000;100.000000%
OpenMP_v1;1;15.169184;0.232203;23.220313%
OpenMP_v1;2;26.115440;0.134875;6.743773%
OpenMP_v1;4;36.946655;0.095336;2.383390%
OpenMP_v1;8;60.551594;0.058171;0.727134%
OpenMP_v2;1;3.413770;1.031801;103.180128%
OpenMP_v2;2;3.128703;1.125812;56.290606%
OpenMP_v2;4;2.983949;1.180426;29.510656%
OpenMP_v2;8;2.953292;1.192680;14.908500%
