Version;Num of thread;Elapsed Time (s);Speedup;Efficency
Serial;1;4.293777;1.000000;100.000000%
OpenMP_v1;1;17.574252;0.244322;24.432203%
OpenMP_v1;2;29.975575;0.143243;7.162126%
OpenMP_v1;4;42.296624;0.101516;2.537896%
OpenMP_v1;8;68.986682;0.062241;0.778008%
OpenMP_v2;1;4.226199;1.015990;101.599029%
OpenMP_v2;2;3.845523;1.116565;55.828257%
OpenMP_v2;4;3.669374;1.170166;29.254156%
OpenMP_v2;8;3.690464;1.163479;14.543485%
