Version;Num of thread;Elapsed Time (s);Speedup;Efficency
Serial;1;14.497595;1.000000;100.000000%OpenMP_v0;1;49.355314;0.293739;29.373929
OpenMP_v0;2;67.158126;0.215873;10.793627
OpenMP_v0;4;93.405610;0.155211;3.880279
