Version;Num of thread;Elapsed Time (s);Speedup;Efficency
Serial;1;4.051424;1.000000;100.000000%
OpenMP_v1;1;16.951379;0.239003;23.900262%
OpenMP_v1;2;29.596672;0.136888;6.844391%
OpenMP_v1;4;41.845187;0.096819;2.420484%
OpenMP_v1;8;68.641063;0.059023;0.737792%
