Version;Num of thread;Elapsed Time (s);Speedup;Efficency
Serial;1;3.722502;1.000000;100.000000%
OpenMP_v1;1;14.998467;0.248192;24.819217%
OpenMP_v1;2;26.269015;0.141707;7.085347%
OpenMP_v1;4;36.100751;0.103114;2.577856%
OpenMP_v1;8;62.138234;0.059907;0.748835%
OpenMP_v2;1;3.428170;1.085857;108.585698%
OpenMP_v2;2;3.130481;1.189115;59.455745%
OpenMP_v2;4;3.016426;1.234077;30.851928%
OpenMP_v2;8;3.008446;1.237350;15.466881%
