Version;Num of thread;Elapsed Time (s);Speedup;Efficency
Serial;1;3.736023;1.000000;100.000000%
OpenMP_v1;1;15.544111;0.240350;24.034973%
OpenMP_v1;2;25.228931;0.148085;7.404244%
OpenMP_v1;4;36.682788;0.101847;2.546169%
OpenMP_v1;8;61.906005;0.060350;0.754374%
OpenMP_v2;1;3.506688;1.065399;106.539924%
OpenMP_v2;2;3.201461;1.166974;58.348712%
OpenMP_v2;4;3.072501;1.215955;30.398877%
OpenMP_v2;8;2.983846;1.252083;15.651040%
