Version;Num of thread;Elapsed Time (s);Speedup;Efficency
Serial;1;33.676771;1.000000;100.000000%
OpenMP_v1;1;95.236409;0.353612;35.361236%
OpenMP_v1;2;149.337359;0.225508;11.275401%
OpenMP_v1;4;218.697986;0.153988;3.849689%
OpenMP_v1;8;360.595801;0.093392;1.167400%
