Version;Num of thread;Elapsed Time (s);Speedup;Efficency
Serial;1;28.067228;1.000000;100.000000%
OpenMP_v1;1;83.050802;0.337953;33.795252%
OpenMP_v1;2;130.366704;0.215294;10.764723%
OpenMP_v1;4;183.000069;0.153373;3.834319%
OpenMP_v1;8;297.052170;0.094486;1.181073%
OpenMP_v2;1;25.822470;1.086930;108.693041%
OpenMP_v2;2;23.919235;1.173417;58.670832%
OpenMP_v2;4;22.943371;1.223326;30.583156%
OpenMP_v2;8;23.346670;1.202194;15.027426%
