Version;Num of thread;Elapsed Time (s);Speedup;Efficency
Serial;1;43.145430;1.000000;100.000000%
OpenMP_v1;1;109.730425;0.393195;39.319478%
OpenMP_v1;2;171.802768;0.251133;12.556675%
OpenMP_v1;4;244.896303;0.176178;4.404459%
OpenMP_v1;8;394.325498;0.109416;1.367697%
OpenMP_v2;1;43.006152;1.003239;100.323856%
OpenMP_v2;2;42.290234;1.020222;51.011103%
OpenMP_v2;4;39.250691;1.099227;27.480682%
OpenMP_v2;8;39.965915;1.079556;13.494446%
