Version;Num of thread;Elapsed Time (s);Speedup;Efficency
Serial;1;28.681228;1.000000;100.000000%
OpenMP_v1;1;82.433512;0.347932;34.793165%
OpenMP_v1;2;131.202385;0.218603;10.930147%
OpenMP_v1;4;184.374320;0.155560;3.888994%
OpenMP_v1;8;300.979440;0.095293;1.191162%
OpenMP_v2;1;25.752741;1.113716;111.371556%
OpenMP_v2;2;24.148536;1.187700;59.385024%
OpenMP_v2;4;23.828563;1.203649;30.091227%
OpenMP_v2;8;23.250634;1.233568;15.419594%
