Version;Num of thread;Elapsed Time (s);Speedup;Efficency
Serial;1;102.264227;1.000000;100.000000%
OpenMP_v0;1;329.463153;0.310397;31.039655
OpenMP_v0;2;380.132926;0.269022;13.451114
OpenMP_v0;4;536.496681;0.190615;4.765371
