Version;Num of thread;Elapsed Time (s);Speedup;Efficency
Serial;1;102.264227;1;100.00%
OpenMP_v1;1;329.463153;0.310397;31.039655
OpenMP_v1;2;380.132926;0.269022;13.451114
OpenMP_v1;4;536.496681;0.190615;4.765371
OpenMP_v1;8;681.957785;0.149957;1.87446
