Version;Num of thread;Elapsed Time (s);Speedup;Efficency
Serial;1;33.676771;1.000000;100.000000%
OpenMP_v1;1;95.236409;0.353612;35.361236%
OpenMP_v1;2;149.337359;0.225508;11.275401%
OpenMP_v1;4;218.697986;0.153988;3.849689%
OpenMP_v1;8;360.595801;0.093392;1.167400%
OpenMP_v2;1;34.838668;0.966649;96.664921%
OpenMP_v2;2;30.197647;1.115212;55.760587%
OpenMP_v2;4;28.775784;1.170316;29.257910%
OpenMP_v2;8;29.486570;1.142105;14.276318%
