Version;Num of thread;Elapsed Time (s);Speedup;Efficency
Serial;1;33.537049;1.000000;100.000000%
OpenMP_v1;1;98.341922;0.341025;34.102495%
OpenMP_v1;2;149.375284;0.224515;11.225769%
OpenMP_v1;4;212.721240;0.157657;3.941432%
OpenMP_v1;8;341.782791;0.098124;1.226548%
