Version;Num of thread;Elapsed Time (s);Speedup;Efficency
Serial;1;33.285374;1.000000;100.000000%
OpenMP_v1;1;103.458826;0.321726;32.172581%
OpenMP_v1;2;154.143922;0.215937;10.796849%
OpenMP_v1;4;225.302413;0.147736;3.693411%
OpenMP_v1;8;345.503043;0.096339;1.204236%
