Version;Num of thread;Elapsed Time (s);Speedup;Efficency
Serial;1;28.225772;1.000000;100.000000%
OpenMP_v1;1;83.089853;0.339702;33.970179%
OpenMP_v1;2;130.761772;0.215856;10.792823%
OpenMP_v1;4;185.305418;0.152320;3.808007%
OpenMP_v1;8;302.222711;0.093394;1.167424%
OpenMP_v2;1;25.418047;1.110462;111.046189%
OpenMP_v2;2;23.824805;1.184722;59.236102%
OpenMP_v2;4;23.334068;1.209638;30.240946%
OpenMP_v2;8;23.451983;1.203556;15.044449%
