Version;Num of thread;Elapsed Time (s);Speedup;Efficency
Serial;1;37.494671;1.000000;100.000000%
OpenMP_v1;1;89.940986;0.416881;41.688081%
OpenMP_v1;2;136.020835;0.275654;13.782694%
OpenMP_v1;4;191.620778;0.195671;4.891780%
OpenMP_v1;8;306.398625;0.122372;1.529652%
OpenMP_v2;1;34.250947;1.094705;109.470464%
OpenMP_v2;2;32.127920;1.167043;58.352160%
OpenMP_v2;4;31.027823;1.208421;30.210523%
OpenMP_v2;8;31.539214;1.188827;14.860338%
