Version;Num of thread;Elapsed Time (s);Speedup;Efficency
Serial;1;0.008022;1.000000;100.000000%
OpenMP_v1;1;0.080972;0.099072;9.907175%
OpenMP_v1;2;0.199531;0.040204;2.010213%
OpenMP_v1;4;0.309455;0.025923;0.648074%
OpenMP_v1;8;0.612266;0.013102;0.163777%
