Version;Num of thread;Elapsed Time (s);Speedup;Efficency
Serial;1;0.006032;1.000000;100.000000%
OpenMP_v1;1;0.079473;0.075900;7.590003%
OpenMP_v1;2;0.171205;0.035233;1.761631%
OpenMP_v1;4;0.255224;0.023634;0.590853%
OpenMP_v1;8;0.474799;0.012704;0.158804%
OpenMP_v2;1;0.006936;0.869686;86.968633%
OpenMP_v2;2;0.005923;1.018467;50.923349%
OpenMP_v2;4;0.007335;0.822382;20.559547%
OpenMP_v2;8;0.047116;0.128025;1.600314%
