Version;Num of thread;Elapsed Time (s);Speedup;Efficency
Serial;1;0.004958;1.000000;100.000000%
OpenMP_v1;1;0.078684;0.063012;6.301168%
OpenMP_v1;2;0.173049;0.028651;1.432542%
OpenMP_v1;4;0.250525;0.019790;0.494761%
OpenMP_v1;8;0.651560;0.007609;0.095118%

OpenMP_v2;1;0.007234;0.685408;68.540769%
OpenMP_v2;2;0.007086;0.699659;34.982956%
OpenMP_v2;4;0.007986;0.620845;15.521129%
OpenMP_v2;8;0.056888;0.087154;1.089422%
