Version;Num of thread;Elapsed Time (s);Speedup;Efficency
Serial;1;0.005618;1.000000;100.000000%
OpenMP_v1;1;0.079379;0.070774;7.077432%
OpenMP_v1;2;0.170827;0.032887;1.644355%
OpenMP_v1;4;0.258345;0.021746;0.543653%
OpenMP_v1;8;0.673767;0.008338;0.104227%
OpenMP_v2;1;0.005525;1.016881;101.688117%
OpenMP_v2;2;0.006646;0.845341;42.267055%
OpenMP_v2;4;0.006342;0.885852;22.146297%
OpenMP_v2;8;0.054135;0.103777;1.297212%
