Version;Num of thread;Elapsed Time (s);Speedup;Efficency
Serial;1;0.014475;1.000000;100.000000%
OpenMP_v1;1;0.092234;0.156938;15.693762%
OpenMP_v1;2;0.211250;0.068521;3.426032%
OpenMP_v1;4;0.307319;0.047101;1.177524%
OpenMP_v1;8;0.613350;0.023600;0.294999%
OpenMP_v2;1;0.015854;0.913037;91.303746%
OpenMP_v2;2;0.014629;0.989479;49.473936%
OpenMP_v2;4;0.016811;0.861055;21.526379%
OpenMP_v2;8;0.061347;0.235955;2.949434%
