Version;Num of thread;Elapsed Time (s);Speedup;Efficency
Serial;1;0.034279;1.000000;100.000000%
OpenMP_v0;1;0.256893;0.133437;13.343710
OpenMP_v0;2;0.412631;0.083074;4.153712
OpenMP_v0;4;0.692018;0.049535;1.238371
