Version;Num of thread;Elapsed Time (s);Speedup;Efficency
Serial;1;0.007027;1.000000;100.000000%
OpenMP_v1;1;0.080953;0.086804;8.680381%
OpenMP_v1;2;0.193061;0.036398;1.819891%
OpenMP_v1;4;0.291882;0.024075;0.601869%
OpenMP_v1;8;0.527917;0.013311;0.166385%
OpenMP_v2;1;0.007055;0.996054;99.605434%
OpenMP_v2;2;0.008110;0.866439;43.321942%
OpenMP_v2;4;0.008371;0.839481;20.987020%
OpenMP_v2;8;0.011549;0.608448;7.605596%
