Version;Num of thread;Elapsed Time (s);Speedup;Efficency
Serial;1;0.005761;1.000000;100.000000%
OpenMP_v1;1;0.079127;0.072807;7.280683%
OpenMP_v1;2;0.196755;0.029280;1.464002%
OpenMP_v1;4;0.302953;0.019016;0.475404%
OpenMP_v1;8;0.609887;0.009446;0.118075%
OpenMP_v2;1;0.007238;0.795937;79.593711%
OpenMP_v2;2;0.008162;0.705826;35.291305%
OpenMP_v2;4;0.008186;0.703747;17.593665%
OpenMP_v2;8;0.008085;0.712586;8.907331%
