Version;Num of thread;Elapsed Time (s);Speedup;Efficency
Serial;1;0.010864;1.000000;100.000000%
OpenMP_v1;1;0.081877;0.132688;13.268756%
OpenMP_v1;2;0.176740;0.061469;3.073446%
OpenMP_v1;4;0.262325;0.041414;1.035356%
OpenMP_v1;8;0.612866;0.017727;0.221582%
OpenMP_v2;1;0.012195;0.890861;89.086100%
OpenMP_v2;2;0.012011;0.904472;45.223621%
OpenMP_v2;4;0.013662;0.795192;19.879793%
OpenMP_v2;8;0.064373;0.168766;2.109572%
