Version;Num of thread;Elapsed Time (s);Speedup;Efficency
Serial;1;10.095489;1.000000;100.000000%
OpenMP_v1;1;35.802314;0.281979;28.197867%
OpenMP_v1;2;58.421758;0.172804;8.640179%
OpenMP_v1;4;82.615505;0.122198;3.054962%
OpenMP_v1;8;152.997204;0.065985;0.824810%
