Version;Num of thread;Elapsed Time (s);Speedup;Efficency
Serial;1;9.247253;1.000000;100.000000%
OpenMP_v1;1;31.711527;0.291605;29.160541%
OpenMP_v1;2;51.514331;0.179508;8.975418%
OpenMP_v1;4;71.605325;0.129142;3.228549%
OpenMP_v1;8;119.805100;0.077186;0.964823%
OpenMP_v2;1;8.166029;1.132405;113.240505%
OpenMP_v2;2;7.554796;1.224024;61.201211%
OpenMP_v2;4;7.149734;1.293370;32.334257%
OpenMP_v2;8;7.435979;1.243583;15.544782%
