Version;Num of thread;Elapsed Time (s);Speedup;Efficency
Serial;1;10.330424;1.000000;100.000000%
OpenMP_v1;1;35.824662;0.288361;28.836069%
OpenMP_v1;2;58.498211;0.176594;8.829692%
OpenMP_v1;4;86.720248;0.119124;2.978089%
OpenMP_v1;8;137.037604;0.075384;0.942298%
OpenMP_v2;1;10.153455;1.017429;101.742944%
OpenMP_v2;2;9.166784;1.126941;56.347044%
OpenMP_v2;4;8.978279;1.150602;28.765044%
OpenMP_v2;8;9.112637;1.133637;14.170465%
