Version;Num of thread;Elapsed Time (s);Speedup;Efficency
Serial;1;8.557634;1.000000;100.000000%
OpenMP_v1;1;31.333990;0.273110;27.311026%
OpenMP_v1;2;49.697618;0.172194;8.609702%
OpenMP_v1;4;72.948613;0.117310;2.932761%
OpenMP_v1;8;121.696896;0.070319;0.878991%
OpenMP_v2;1;8.096492;1.056956;105.695581%
OpenMP_v2;2;7.626439;1.122101;56.105044%
OpenMP_v2;4;7.065223;1.211233;30.280833%
OpenMP_v2;8;7.225881;1.184303;14.803790%
