Version;Num of thread;Elapsed Time (s);Speedup;Efficency
Serial;1;12.829883;1.000000;100.000000%
OpenMP_v1;1;34.455765;0.372358;37.235809%
OpenMP_v1;2;55.016186;0.233202;11.660098%
OpenMP_v1;4;75.175681;0.170665;4.266633%
OpenMP_v1;8;122.843609;0.104441;1.305510%
OpenMP_v2;1;11.899707;1.078168;107.816794%
OpenMP_v2;2;11.151193;1.150539;57.526955%
OpenMP_v2;4;10.797803;1.188194;29.704846%
OpenMP_v2;8;10.827553;1.184929;14.811614%
