Version;Num of thread;Elapsed Time (s);Speedup;Efficency
Serial;1;15.093267;1.000000;100.000000%
OpenMP_v1;1;39.904103;0.378238;37.823847%
OpenMP_v1;2;64.375097;0.234458;11.722908%
OpenMP_v1;4;86.077569;0.175345;4.383624%
OpenMP_v1;8;146.216358;0.103226;1.290320%
OpenMP_v2;1;14.509576;1.040228;104.022801%
OpenMP_v2;2;13.580329;1.111407;55.570327%
OpenMP_v2;4;13.350053;1.130577;28.264432%
OpenMP_v2;8;13.106801;1.151560;14.394500%
