Version;Num of thread;Elapsed Time (s);Speedup;Efficency
Serial;1;9.999354;1.000000;100.000000%
OpenMP_v1;1;35.604321;0.280847;28.084665%
OpenMP_v1;2;57.624719;0.173525;8.676271%
OpenMP_v1;4;84.177367;0.118789;2.969728%
OpenMP_v1;8;138.488499;0.072203;0.902544%
OpenMP_v2;1;10.386340;0.962741;96.274086%
OpenMP_v2;2;9.109816;1.097646;54.882308%
OpenMP_v2;4;8.988300;1.112486;27.812141%
OpenMP_v2;8;8.612356;1.161047;14.513093%
