Version;Num of thread;Elapsed Time (s);Speedup;Efficency
Serial;1;15.093267;1.000000;100.000000%
OpenMP_v1;1;39.904103;0.378238;37.823847%
OpenMP_v1;2;64.375097;0.234458;11.722908%
OpenMP_v1;4;86.077569;0.175345;4.383624%
OpenMP_v1;8;146.216358;0.103226;1.290320%
