Version;Num of thread;Elapsed Time (s);Speedup;Efficency
Serial;1;9.030606;1.000000;100.000000%
OpenMP_v1;1;31.064220;0.290708;29.070764%
OpenMP_v1;2;50.339613;0.179394;8.969682%
OpenMP_v1;4;73.430306;0.122982;3.074550%
OpenMP_v1;8;120.318003;0.075056;0.938202%
OpenMP_v2;1;8.206545;1.100415;110.041512%
OpenMP_v2;2;7.448137;1.212465;60.623253%
OpenMP_v2;4;7.276670;1.241036;31.025888%
OpenMP_v2;8;6.950352;1.299302;16.241276%
