Version;Num of thread;Elapsed Time (s);Speedup;Efficency
Serial;1;9.999354;1.000000;100.000000%
OpenMP_v1;1;35.604321;0.280847;28.084665%
OpenMP_v1;2;57.624719;0.173525;8.676271%
OpenMP_v1;4;84.177367;0.118789;2.969728%
OpenMP_v1;8;138.488499;0.072203;0.902544%
