Version;Num of thread;Elapsed Time (s);Speedup;Efficency
Serial;1;32.787734;1.000000;100.000000%
OpenMP_v1;1;289.993061;0.113064
OpenMP_v0;1;95.392140;0.343715;34.371526
OpenMP_v0;2;138.670969;0.236443;11.822133
OpenMP_v0;4;185.279296;0.176964;4.424096
OpenMP_v1;8;1402.140371;0.023384;0.292301
